Sentence,Pair,Accent,SentenceRating,MatchingRating,Difficulty
1AD10,1,Foreign,-26.422,-25.152,Easy
1BE2,1,Native,-23.881999999999998,-25.152,Easy
1AE4,1,Foreign,-22.631999999999998,-22.347499999999997,Easy
1BD10,1,Native,-22.063,-22.347499999999997,Easy
1AE6,1,Foreign,-17.077,-17.2215,Easy
1BD9,1,Native,-17.366,-17.2215,Easy
1AD12,1,Foreign,-11.704,-11.875,Easy
1BE1,1,Native,-12.046,-11.875,Easy
1AD11,1,Foreign,-11.251,-11.046999999999999,Difficult
1BE5,1,Native,-10.842999999999998,-11.046999999999999,Difficult
1AE1,1,Foreign,-8.379999999999999,-9.49,Difficult
1BD7,1,Native,-10.600000000000001,-9.49,Difficult
1AD8,1,Foreign,-5.5,-5.612,Difficult
1BD11,1,Native,-5.724000000000001,-5.612,Difficult
1AE2,1,Foreign,-2.592000000000001,-5.234000000000002,Difficult
1BE3,1,Native,-7.876000000000002,-5.234000000000002,Difficult
2AD7,2,Foreign,-29.913,-29.015500000000003,Easy
2BE1,2,Native,-28.118000000000002,-29.015500000000003,Easy
2AD10,2,Foreign,-16.367,-18.1055,Easy
2BD10,2,Native,-19.843999999999998,-18.1055,Easy
2AD8,2,Foreign,-7.798999999999999,-6.3134999999999994,Easy
2BD8,2,Native,-4.827999999999999,-6.3134999999999994,Easy
2AE5,2,Foreign,-3.4389999999999987,-1.582499999999999,Easy
2BD12,2,Native,0.2740000000000009,-1.582499999999999,Easy
2AE6,2,Foreign,-0.7270000000000004,-0.45699999999999935,Difficult
2BD9,2,Native,-0.18699999999999828,-0.45699999999999935,Difficult
2AE1,2,Foreign,-1.5629999999999995,0.14850000000000074,Difficult
2BE4,2,Native,1.860000000000001,0.14850000000000074,Difficult
2AE2,2,Foreign,6.085000000000001,5.992,Difficult
2BE6,2,Native,5.898999999999999,5.992,Difficult
2AD12,2,Foreign,18.975,15.182,Difficult
2BE5,2,Native,11.389,15.182,Difficult
3AD11,3,Foreign,-20.016,-19.7265,Easy
3BE2,3,Native,-19.437,-19.7265,Easy
3AD12,3,Foreign,-8.139,-8.631999999999998,Easy
3BE1,3,Native,-9.124999999999998,-8.631999999999998,Easy
3AE1,3,Foreign,-8.055,-7.8995,Easy
3BE5,3,Native,-7.744,-7.8995,Easy
3AD9,3,Foreign,-7.258,-7.401999999999999,Easy
3BE4,3,Native,-7.545999999999999,-7.401999999999999,Easy
3AE6,3,Foreign,-5.810999999999999,-5.902000000000001,Difficult
3BD7,3,Native,-5.993000000000002,-5.902000000000001,Difficult
3AD10,3,Foreign,-4.804000000000001,-4.893500000000001,Difficult
3BD11,3,Native,-4.983000000000001,-4.893500000000001,Difficult
3AE5,3,Foreign,-4.623000000000001,-4.706000000000001,Difficult
3BD8,3,Native,-4.789000000000001,-4.706000000000001,Difficult
3AD8,3,Foreign,2.1649999999999996,2.883,Difficult
3BE3,3,Native,3.6010000000000004,2.883,Difficult
4AE4,4,Foreign,-28.032000000000004,-27.382000000000005,Easy
4BE2,4,Native,-26.732000000000003,-27.382000000000005,Easy
4AE6,4,Foreign,-23.131000000000004,-23.015,Easy
4BE6,4,Native,-22.899,-23.015,Easy
4AD10,4,Foreign,-11.327000000000002,-11.999500000000001,Easy
4BE1,4,Native,-12.672,-11.999500000000001,Easy
4AE3,4,Foreign,-10.305,-10.581500000000002,Easy
4BD10,4,Native,-10.858000000000002,-10.581500000000002,Easy
4AD9,4,Foreign,-8.938,-7.8835000000000015,Difficult
4BE3,4,Native,-6.829000000000003,-7.8835000000000015,Difficult
4AD11,4,Foreign,-5.195,-4.4105,Difficult
4BD12,4,Native,-3.6259999999999994,-4.4105,Difficult
4AD8,4,Foreign,-0.0010000000000011332,-1.3369999999999997,Difficult
4BE4,4,Native,-2.6729999999999983,-1.3369999999999997,Difficult
4AD7,4,Foreign,20.6,21.9845,Difficult
4BD9,4,Native,23.369,21.9845,Difficult
5AE1,5,Foreign,-16.555999999999997,-16.458,Easy
5BD9,5,Native,-16.36,-16.458,Easy
5AD12,5,Foreign,-16.233,-15.9725,Easy
5BE4,5,Native,-15.711999999999998,-15.9725,Easy
5AD7,5,Foreign,-14.703,-14.1245,Easy
5BD11,5,Native,-13.546,-14.1245,Easy
5AE3,5,Foreign,-15.451,-13.124500000000001,Easy
5BD8,5,Native,-10.798000000000002,-13.124500000000001,Easy
5AD8,5,Foreign,-6.251000000000001,-7.168000000000001,Difficult
5BE3,5,Native,-8.085,-7.168000000000001,Difficult
5AE5,5,Foreign,-6.211000000000001,-5.922000000000001,Difficult
5BE1,5,Native,-5.632999999999999,-5.922000000000001,Difficult
5AD11,5,Foreign,-3.4360000000000004,-4.445,Difficult
5BD10,5,Native,-5.454000000000001,-4.445,Difficult
5AD10,5,Foreign,11.991999999999999,13.242,Difficult
5BD7,5,Native,14.492,13.242,Difficult
6AE1,6,Foreign,-20.391,-20.167499999999997,Easy
6BE1,6,Native,-19.944,-20.167499999999997,Easy
6AE6,6,Foreign,-19.015,-18.8125,Easy
6BE5,6,Native,-18.61,-18.8125,Easy
6AE5,6,Foreign,-10.056,-9.1065,Easy
6BE4,6,Native,-8.157000000000002,-9.1065,Easy
6AE4,6,Foreign,-5.937999999999999,-5.664999999999999,Easy
6BD10,6,Native,-5.391999999999999,-5.664999999999999,Easy
6AD10,6,Foreign,-2.7720000000000002,-2.717999999999999,Difficult
6BD8,6,Native,-2.6639999999999984,-2.717999999999999,Difficult
6AD8,6,Foreign,-1.6100000000000003,-2.293,Difficult
6BE6,6,Native,-2.9760000000000004,-2.293,Difficult
6AD11,6,Foreign,-1.2110000000000005,-1.1460000000000004,Difficult
6BE3,6,Native,-1.081,-1.1460000000000004,Difficult
6AD12,6,Foreign,6.9750000000000005,6.761500000000001,Difficult
6BD9,6,Native,6.548000000000001,6.761500000000001,Difficult
7AE4,7,Foreign,-19.296,-19.6205,Easy
7BE4,7,Native,-19.945,-19.6205,Easy
7AD12,7,Foreign,-17.602,-18.0205,Easy
7BD7,7,Native,-18.439,-18.0205,Easy
7AD10,7,Foreign,-15.905000000000001,-14.589500000000001,Easy
7BE3,7,Native,-13.274000000000001,-14.589500000000001,Easy
7AE2,7,Foreign,-6.546999999999999,-6.750499999999999,Easy
7BE6,7,Native,-6.953999999999999,-6.750499999999999,Easy
7AD8,7,Foreign,-6.106999999999999,-5.5649999999999995,Difficult
7BD10,7,Native,-5.023,-5.5649999999999995,Difficult
7AE3,7,Foreign,-3.3970000000000002,-3.4135,Difficult
7BE5,7,Native,-3.43,-3.4135,Difficult
7AD9,7,Foreign,-0.2889999999999997,1.7030000000000003,Difficult
7BD8,7,Native,3.6950000000000003,1.7030000000000003,Difficult
7AE6,7,Foreign,2.6479999999999992,2.9835000000000003,Difficult
7BD12,7,Native,3.319000000000001,2.9835000000000003,Difficult
8AE1,8,Foreign,-38.031,-38.546499999999995,Easy
8BE4,8,Native,-39.062,-38.546499999999995,Easy
8AE2,8,Foreign,-33.461,-33.3565,Easy
8BE3,8,Native,-33.252,-33.3565,Easy
8AE5,8,Foreign,-29.195,-28.139499999999998,Easy
8BD8,8,Native,-27.084,-28.139499999999998,Easy
8AE3,8,Foreign,-24.742,-25.503999999999998,Easy
8BE2,8,Native,-26.266,-25.503999999999998,Easy
8AD7,8,Foreign,-23.147,-22.8545,Difficult
8BD11,8,Native,-22.562,-22.8545,Difficult
8AD11,8,Foreign,-22.367,-22.0975,Difficult
8BD9,8,Native,-21.828,-22.0975,Difficult
8AD9,8,Foreign,-20.164,-19.0195,Difficult
8BE1,8,Native,-17.875,-19.0195,Difficult
8AD8,8,Foreign,-14.328000000000001,-14.320500000000001,Difficult
8BE5,8,Native,-14.313,-14.320500000000001,Difficult
9AE5,9,Foreign,-21.556,-21.5355,Easy
9BE5,9,Native,-21.515,-21.5355,Easy
9AE3,9,Foreign,-20.784,-20.857,Easy
9BE6,9,Native,-20.93,-20.857,Easy
9AD7,9,Foreign,-16.874,-17.1055,Easy
9BD9,9,Native,-17.337,-17.1055,Easy
9AE2,9,Foreign,-13.312000000000001,-13.0305,Easy
9BE1,9,Native,-12.749,-13.0305,Easy
9AE6,9,Foreign,-13.079,-12.781,Difficult
9BE2,9,Native,-12.483,-12.781,Difficult
9AD12,9,Foreign,-10.486,-9.9655,Difficult
9BE4,9,Native,-9.445,-9.9655,Difficult
9AD8,9,Foreign,-7.093000000000002,-6.698500000000002,Difficult
9BD7,9,Native,-6.304000000000002,-6.698500000000002,Difficult
9AD11,9,Foreign,-3.7420000000000004,-4.500000000000001,Difficult
9BD8,9,Native,-5.258000000000001,-4.500000000000001,Difficult
11AD8,11,Foreign,-34.991,-34.602000000000004,Easy
11BD10,11,Native,-34.213,-34.602000000000004,Easy
11AE4,11,Foreign,-29.937,-29.3285,Easy
11BE4,11,Native,-28.72,-29.3285,Easy
11AE3,11,Foreign,-24.791,-25.454,Easy
11BE2,11,Native,-26.117,-25.454,Easy
11AD9,11,Foreign,-23.085,-23.672,Easy
11BD12,11,Native,-24.259,-23.672,Easy
11AD7,11,Foreign,-17.556,-17.512500000000003,Difficult
11BE3,11,Native,-17.469,-17.512500000000003,Difficult
11AE1,11,Foreign,-14.602,-13.3245,Difficult
11BD7,11,Native,-12.047,-13.3245,Difficult
11AE6,11,Foreign,-11.562999999999999,-11.565999999999999,Difficult
11BE1,11,Native,-11.568999999999999,-11.565999999999999,Difficult
11AD10,11,Foreign,-9.243,-10.378499999999999,Difficult
11BE6,11,Native,-11.514,-10.378499999999999,Difficult
12AD10,12,Foreign,-19.203,-19.378500000000003,Easy
12BD7,12,Native,-19.554000000000002,-19.378500000000003,Easy
12AD11,12,Foreign,-15.278999999999998,-16.034499999999998,Easy
12BE3,12,Native,-16.79,-16.034499999999998,Easy
12AE6,12,Foreign,-12.350999999999999,-12.2845,Easy
12BE2,12,Native,-12.218,-12.2845,Easy
12AE3,12,Foreign,-8.290000000000001,-9.1725,Easy
12BE1,12,Native,-10.055,-9.1725,Easy
12AE1,12,Foreign,-3.399,-5.0125,Difficult
12BD12,12,Native,-6.626,-5.0125,Difficult
12AE5,12,Foreign,-2.5750000000000015,-2.716500000000001,Difficult
12BD8,12,Native,-2.8580000000000005,-2.716500000000001,Difficult
12AE4,12,Foreign,-2.2430000000000008,-2.163500000000001,Difficult
12BE4,12,Native,-2.084000000000001,-2.163500000000001,Difficult
12AD9,12,Foreign,2.1029999999999975,1.3729999999999989,Difficult
12BD11,12,Native,0.643,1.3729999999999989,Difficult
13AD12,13,Foreign,-26.039,-25.9145,Easy
13BE2,13,Native,-25.79,-25.9145,Easy
13AD8,13,Foreign,-23.781000000000002,-23.19,Easy
13BE1,13,Native,-22.599,-23.19,Easy
13AE5,13,Foreign,-22.188,-21.816000000000003,Easy
13BD11,13,Native,-21.444000000000003,-21.816000000000003,Easy
13AE6,13,Foreign,-16.358,-16.503,Easy
13BE3,13,Native,-16.648,-16.503,Easy
13AD10,13,Foreign,-12.865,-12.8305,Difficult
13BE6,13,Native,-12.796000000000001,-12.8305,Difficult
13AE2,13,Foreign,-11.656,-11.668,Difficult
13BD8,13,Native,-11.68,-11.668,Difficult
13AE3,13,Foreign,-10.767999999999999,-10.619,Difficult
13BD7,13,Native,-10.470000000000002,-10.619,Difficult
13AD7,13,Foreign,-8.530000000000001,-8.714000000000002,Difficult
13BE4,13,Native,-8.898000000000001,-8.714000000000002,Difficult
14AE2,14,Foreign,-32.695,-31.144,Easy
14BE1,14,Native,-29.593,-31.144,Easy
14AE1,14,Foreign,-28.492,-28.703000000000003,Easy
14BE2,14,Native,-28.914,-28.703000000000003,Easy
14AD12,14,Foreign,-20.012999999999998,-18.6115,Easy
14BD9,14,Native,-17.21,-18.6115,Easy
14AD10,14,Foreign,-0.9619999999999989,-0.5039999999999991,Easy
14BE5,14,Native,-0.045999999999999375,-0.5039999999999991,Easy
14AD9,14,Foreign,4.805,3.184,Difficult
14BD8,14,Native,1.5630000000000002,3.184,Difficult
14AD7,14,Foreign,9.148,5.0865,Difficult
14BD10,14,Native,1.0250000000000001,5.0865,Difficult
14AE5,14,Foreign,7.765000000000001,7.7805,Difficult
14BD11,14,Native,7.795999999999999,7.7805,Difficult
14AE3,14,Foreign,13.125,14.945,Difficult
14BD7,14,Native,16.765,14.945,Difficult
15AD10,15,Foreign,-32.524,-32.4725,Easy
15BD7,15,Native,-32.421,-32.4725,Easy
15AD9,15,Foreign,-23.485,-24.6025,Easy
15BD8,15,Native,-25.72,-24.6025,Easy
15AE2,15,Foreign,-21.212,-23.3405,Easy
15BE2,15,Native,-25.469,-23.3405,Easy
15AE5,15,Foreign,-17.468999999999998,-18.101,Easy
15BE4,15,Native,-18.733,-18.101,Easy
15AD11,15,Foreign,-16.759,-16.7075,Difficult
15BD11,15,Native,-16.656,-16.7075,Difficult
15AE3,15,Foreign,-15.624,-15.855,Difficult
15BE6,15,Native,-16.086,-15.855,Difficult
15AE6,15,Foreign,-14.663,-14.3745,Difficult
15BD10,15,Native,-14.085999999999999,-14.3745,Difficult
15AE1,15,Foreign,-5.703000000000001,-8.3785,Difficult
15BE5,15,Native,-11.054,-8.3785,Difficult
17AE2,17,Foreign,-34.65,-33.6445,Easy
17BD10,17,Native,-32.639,-33.6445,Easy
17AE4,17,Foreign,-27.438,-27.688,Easy
17BD9,17,Native,-27.938,-27.688,Easy
17AE6,17,Foreign,-26.209,-27.4375,Easy
17BE3,17,Native,-28.665999999999997,-27.4375,Easy
17AE1,17,Foreign,-19.866,-22.694,Easy
17BE1,17,Native,-25.522,-22.694,Easy
17AD9,17,Foreign,-19.764,-20.5665,Difficult
17BE4,17,Native,-21.369000000000003,-20.5665,Difficult
17AE3,17,Foreign,-18.820999999999998,-17.9925,Difficult
17BD11,17,Native,-17.164,-17.9925,Difficult
17AD12,17,Foreign,-12.681,-12.693,Difficult
17BD12,17,Native,-12.705,-12.693,Difficult
17AD10,17,Foreign,-10.258999999999999,-9.0985,Difficult
17BD8,17,Native,-7.938000000000001,-9.0985,Difficult
18AE3,18,Foreign,-36.155,-36.0265,Easy
18BE6,18,Native,-35.898,-36.0265,Easy
18AE4,18,Foreign,-32.851,-31.4565,Easy
18BE1,18,Native,-30.061999999999998,-31.4565,Easy
18AD10,18,Foreign,-27.86,-27.368000000000002,Easy
18BE4,18,Native,-26.876,-27.368000000000002,Easy
18AE6,18,Foreign,-27.461,-27.008,Easy
18BE5,18,Native,-26.555,-27.008,Easy
18AD9,18,Foreign,-12.405,-11.7845,Difficult
18BD7,18,Native,-11.164,-11.7845,Difficult
18AD12,18,Foreign,-12.944000000000003,-9.323500000000001,Difficult
18BD11,18,Native,-5.703,-9.323500000000001,Difficult
18AD8,18,Foreign,3.336,5.0345,Difficult
18BD12,18,Native,6.733000000000001,5.0345,Difficult
18AE2,18,Foreign,14.414,17.0975,Difficult
18BD9,18,Native,19.781,17.0975,Difficult
19AE1,19,Foreign,-20.93,-19.907,Easy
19BD7,19,Native,-18.884,-19.907,Easy
19AD9,19,Foreign,-20.126,-18.9765,Easy
19BE4,19,Native,-17.826999999999998,-18.9765,Easy
19AE5,19,Foreign,-13.272,-14.1045,Easy
19BD11,19,Native,-14.937,-14.1045,Easy
19AE3,19,Foreign,-8.157,-10.011500000000002,Easy
19BE6,19,Native,-11.866000000000001,-10.011500000000002,Easy
19AE2,19,Foreign,-9.321,-9.9805,Difficult
19BE2,19,Native,-10.64,-9.9805,Difficult
19AD7,19,Foreign,-7.015,-5.1834999999999996,Difficult
19BD12,19,Native,-3.3519999999999994,-5.1834999999999996,Difficult
19AE4,19,Foreign,-0.8829999999999997,-1.8479999999999996,Difficult
19BD10,19,Native,-2.8129999999999997,-1.8479999999999996,Difficult
19AE6,19,Foreign,-1.7329999999999992,-1.7489999999999994,Difficult
19BD9,19,Native,-1.7649999999999997,-1.7489999999999994,Difficult
20AE5,20,Foreign,-32.592,-33.272,Easy
20BE2,20,Native,-33.952,-33.272,Easy
20AD12,20,Foreign,-25.063,-25.719,Easy
20BD10,20,Native,-26.375,-25.719,Easy
20AD11,20,Foreign,-24.327,-24.1235,Easy
20BD7,20,Native,-23.919999999999998,-24.1235,Easy
20AD9,20,Foreign,-9.140999999999998,-12.667499999999999,Easy
20BD9,20,Native,-16.194,-12.667499999999999,Easy
20AE6,20,Foreign,-10.86,-11.5825,Difficult
20BD8,20,Native,-12.305,-11.5825,Difficult
20AE3,20,Foreign,-10.797,-11.14,Difficult
20BE4,20,Native,-11.483,-11.14,Difficult
20AE4,20,Foreign,-6.242999999999999,-5.712,Difficult
20BE6,20,Native,-5.181,-5.712,Difficult
20AE1,20,Foreign,-3.3759999999999994,-3.5904999999999996,Difficult
20BE3,20,Native,-3.805,-3.5904999999999996,Difficult
21AE4,21,Foreign,-43.312,-40.492,Easy
21BD11,21,Native,-37.672,-40.492,Easy
21AE1,21,Foreign,-29.244,-30.79,Easy
21BD8,21,Native,-32.336,-30.79,Easy
21AE6,21,Foreign,-28.328,-28.3085,Easy
21BE3,21,Native,-28.288999999999998,-28.3085,Easy
21AD9,21,Foreign,-26.009,-25.1525,Easy
21BE4,21,Native,-24.296,-25.1525,Easy
21AD8,21,Foreign,-17.882,-17.695,Difficult
21BE5,21,Native,-17.508,-17.695,Difficult
21AE2,21,Foreign,-14.773999999999997,-14.6375,Difficult
21BD9,21,Native,-14.501,-14.6375,Difficult
21AD10,21,Foreign,-14.015999999999998,-14.034499999999998,Difficult
21BD10,21,Native,-14.052999999999999,-14.034499999999998,Difficult
21AD7,21,Foreign,-12.711,-12.445,Difficult
21BE1,21,Native,-12.178999999999998,-12.445,Difficult
22AE3,22,Foreign,-33.554,-34.6285,Easy
22BE1,22,Native,-35.703,-34.6285,Easy
22AE2,22,Foreign,-28.853,-29.1685,Easy
22BD11,22,Native,-29.483999999999998,-29.1685,Easy
22AE1,22,Foreign,-27.852,-26.992,Easy
22BE3,22,Native,-26.132,-26.992,Easy
22AE6,22,Foreign,-20.165,-20.6535,Easy
22BD8,22,Native,-21.142,-20.6535,Easy
22AD10,22,Foreign,-17.484,-17.085,Difficult
22BD10,22,Native,-16.686,-17.085,Difficult
22AD8,22,Foreign,-15.067,-15.322,Difficult
22BD12,22,Native,-15.576999999999998,-15.322,Difficult
22AD9,22,Foreign,-11.858,-10.620000000000001,Difficult
22BE5,22,Native,-9.382000000000001,-10.620000000000001,Difficult
22AE4,22,Foreign,0.4760000000000011,-1.8324999999999996,Difficult
22BD7,22,Native,-4.141,-1.8324999999999996,Difficult
23AE3,23,Foreign,-43.689,-44.9735,Easy
23BD12,23,Native,-46.257999999999996,-44.9735,Easy
23AD8,23,Foreign,-40.282,-39.9385,Easy
23BE6,23,Native,-39.595,-39.9385,Easy
23AE1,23,Foreign,-36.783,-35.8835,Easy
23BE4,23,Native,-34.984,-35.8835,Easy
23AE2,23,Foreign,-35.479,-35.438500000000005,Easy
23BE2,23,Native,-35.398,-35.438500000000005,Easy
23AD9,23,Foreign,-31.242,-30.7775,Difficult
23BE5,23,Native,-30.313,-30.7775,Difficult
23AE5,23,Foreign,-28.656,-28.6585,Difficult
23BE1,23,Native,-28.661,-28.6585,Difficult
23AE6,23,Foreign,-18.117,-15.0475,Difficult
23BE3,23,Native,-11.978,-15.0475,Difficult
23AD7,23,Foreign,-19.256999999999998,-13.948999999999998,Difficult
23BD11,23,Native,-8.641,-13.948999999999998,Difficult
24AD11,24,Foreign,-44.962,-45.027,Easy
24BE6,24,Native,-45.092,-45.027,Easy
24AE1,24,Foreign,-44.616,-41.1595,Easy
24BD7,24,Native,-37.703,-41.1595,Easy
24AE2,24,Foreign,-30.813000000000002,-32.34,Easy
24BE2,24,Native,-33.867000000000004,-32.34,Easy
24AE4,24,Foreign,-28.624000000000002,-28.9645,Easy
24BE1,24,Native,-29.305,-28.9645,Easy
24AD9,24,Foreign,-27.116,-28.554000000000002,Difficult
24BD9,24,Native,-29.992,-28.554000000000002,Difficult
24AE6,24,Foreign,-24.094,-23.6795,Difficult
24BD12,24,Native,-23.265,-23.6795,Difficult
24AE5,24,Foreign,-18.68,-18.605,Difficult
24BD11,24,Native,-18.53,-18.605,Difficult
24AD10,24,Foreign,-18.047,-16.208,Difficult
24BD8,24,Native,-14.369,-16.208,Difficult
30AE3,30,Foreign,-32.126000000000005,-28.942,Easy
30BE1,30,Native,-25.758,-28.942,Easy
30AE6,30,Foreign,-22.14,-22.6515,Easy
30BE2,30,Native,-23.163,-22.6515,Easy
30AD10,30,Foreign,-21.375,-20.2345,Easy
30BD10,30,Native,-19.094,-20.2345,Easy
30AE1,30,Foreign,-13.74,-14.780000000000001,Easy
30BE3,30,Native,-15.82,-14.780000000000001,Easy
30AD8,30,Foreign,-11.329,-11.884,Difficult
30BD12,30,Native,-12.438999999999998,-11.884,Difficult
30AE5,30,Foreign,-8.969000000000001,-8.8475,Difficult
30BD11,30,Native,-8.725999999999999,-8.8475,Difficult
30AE2,30,Foreign,-7.429,-7.4865,Difficult
30BE6,30,Native,-7.5440000000000005,-7.4865,Difficult
30AD9,30,Foreign,-4.359,-3.331,Difficult
30BD8,30,Native,-2.303,-3.331,Difficult
32AE4,32,Foreign,-39.047,-40.304,Easy
32BE4,32,Native,-41.561,-40.304,Easy
32AE6,32,Foreign,-35.022,-36.3665,Easy
32BE6,32,Native,-37.711,-36.3665,Easy
32AE2,32,Foreign,-34.499,-32.8005,Easy
32BD12,32,Native,-31.102,-32.8005,Easy
32AE5,32,Foreign,-25.312,-26.5425,Easy
32BE1,32,Native,-27.773,-26.5425,Easy
32AD11,32,Foreign,-20.421,-20.631999999999998,Difficult
32BD10,32,Native,-20.843,-20.631999999999998,Difficult
32AE3,32,Foreign,-19.656,-18.863,Difficult
32BD8,32,Native,-18.07,-18.863,Difficult
32AD10,32,Foreign,-11.905000000000001,-14.588500000000002,Difficult
32BD9,32,Native,-17.272000000000002,-14.588500000000002,Difficult
32AD8,32,Foreign,1.4689999999999983,2.0699999999999994,Difficult
32BD7,32,Native,2.6710000000000007,2.0699999999999994,Difficult
33AE4,33,Foreign,-34.328,-33.32,Easy
33BE5,33,Native,-32.312,-33.32,Easy
33AE5,33,Foreign,-32.891,-32.8275,Easy
33BE2,33,Native,-32.764,-32.8275,Easy
33AE6,33,Foreign,-19.055,-20.118000000000002,Easy
33BD12,33,Native,-21.181,-20.118000000000002,Easy
33AD10,33,Foreign,-17.845,-18.1055,Easy
33BD11,33,Native,-18.366,-18.1055,Easy
33AD12,33,Foreign,-8.391000000000002,-9.433500000000002,Difficult
33BE4,33,Native,-10.476,-9.433500000000002,Difficult
33AE2,33,Foreign,-8.306,-8.181000000000001,Difficult
33BD10,33,Native,-8.056000000000001,-8.181000000000001,Difficult
33AD11,33,Foreign,-6.602000000000001,-6.3565000000000005,Difficult
33BD9,33,Native,-6.111000000000001,-6.3565000000000005,Difficult
33AD7,33,Foreign,-2.1379999999999995,-2.611999999999999,Difficult
33BD7,33,Native,-3.0859999999999994,-2.611999999999999,Difficult
34AD9,34,Foreign,-32.601,-33.272999999999996,Easy
34BE2,34,Native,-33.945,-33.272999999999996,Easy
34AE1,34,Foreign,-23.907,-26.804499999999997,Easy
34BE3,34,Native,-29.701999999999998,-26.804499999999997,Easy
34AD11,34,Foreign,-23.148,-23.0745,Easy
34BD8,34,Native,-23.001,-23.0745,Easy
34AE4,34,Foreign,-21.413000000000004,-21.5455,Easy
34BD10,34,Native,-21.677999999999997,-21.5455,Easy
34AD7,34,Foreign,-19.525,-19.4075,Difficult
34BD11,34,Native,-19.290000000000003,-19.4075,Difficult
34AD10,34,Foreign,-5.713000000000001,-6.133000000000001,Difficult
34BD12,34,Native,-6.553000000000001,-6.133000000000001,Difficult
34AE3,34,Foreign,-2.1480000000000006,-1.9525000000000001,Difficult
34BD7,34,Native,-1.7569999999999995,-1.9525000000000001,Difficult
34AE2,34,Foreign,-1.5420000000000011,-0.9155000000000009,Difficult
34BE6,34,Native,-0.2890000000000006,-0.9155000000000009,Difficult
35AE5,35,Foreign,-30.119,-29.950000000000003,Easy
35BE4,35,Native,-29.781000000000002,-29.950000000000003,Easy
35AE6,35,Foreign,-29.515,-28.8045,Easy
35BE5,35,Native,-28.094,-28.8045,Easy
35AD11,35,Foreign,-27.195,-27.793,Easy
35BE3,35,Native,-28.391,-27.793,Easy
35AE1,35,Foreign,-20.016000000000002,-19.864,Easy
35BE1,35,Native,-19.712,-19.864,Easy
35AD8,35,Foreign,-17.946,-17.985,Difficult
35BE6,35,Native,-18.024,-17.985,Difficult
35AD9,35,Foreign,-9.110000000000001,-10.012,Difficult
35BD12,35,Native,-10.913999999999998,-10.012,Difficult
35AD7,35,Foreign,-7.837,-6.5995,Difficult
35BD7,35,Native,-5.362,-6.5995,Difficult
35AD10,35,Foreign,6.486,6.466500000000002,Difficult
35BD9,35,Native,6.447000000000003,6.466500000000002,Difficult
36AE6,36,Foreign,-34.407,-33.9535,Easy
36BE3,36,Native,-33.5,-33.9535,Easy
36AE4,36,Foreign,-22.986,-19.963,Easy
36BE4,36,Native,-16.94,-19.963,Easy
36AD12,36,Foreign,-22.072,-18.329,Easy
36BE6,36,Native,-14.585999999999999,-18.329,Easy
36AE1,36,Foreign,-6.891,-6.731000000000001,Easy
36BE1,36,Native,-6.5710000000000015,-6.731000000000001,Easy
36AD10,36,Foreign,-6.905,-6.6985,Difficult
36BD8,36,Native,-6.492,-6.6985,Difficult
36AD8,36,Foreign,-3.843000000000001,-3.1715,Difficult
36BD7,36,Native,-2.4999999999999996,-3.1715,Difficult
36AD11,36,Foreign,-0.8510000000000009,-0.8550000000000013,Difficult
36BE5,36,Native,-0.8590000000000018,-0.8550000000000013,Difficult
36AD9,36,Foreign,0.4909999999999998,0.22249999999999995,Difficult
36BD9,36,Native,-0.04599999999999995,0.22249999999999995,Difficult
37AE1,37,Foreign,-27.866,-26.445500000000003,Easy
37BD11,37,Native,-25.025000000000002,-26.445500000000003,Easy
37AD7,37,Foreign,-18.437,-20.86,Easy
37BE3,37,Native,-23.283,-20.86,Easy
37AE3,37,Foreign,-19.757,-19.942,Easy
37BD12,37,Native,-20.127000000000002,-19.942,Easy
37AE2,37,Foreign,-13.928,-14.377500000000001,Easy
37BE6,37,Native,-14.827,-14.377500000000001,Easy
37AD8,37,Foreign,-8.533,-8.035,Difficult
37BE5,37,Native,-7.536999999999999,-8.035,Difficult
37AE6,37,Foreign,-0.3909999999999999,-1.281,Difficult
37BE2,37,Native,-2.171,-1.281,Difficult
37AD10,37,Foreign,0.7429999999999986,1.5979999999999996,Difficult
37BD7,37,Native,2.4530000000000007,1.5979999999999996,Difficult
37AD11,37,Foreign,2.562,3.4604999999999997,Difficult
37BD9,37,Native,4.358999999999999,3.4604999999999997,Difficult
38AE4,38,Foreign,-34.032000000000004,-34.6335,Easy
38BE5,38,Native,-35.235,-34.6335,Easy
38AE3,38,Foreign,-26.275,-27.5325,Easy
38BE1,38,Native,-28.790000000000003,-27.5325,Easy
38AD9,38,Foreign,-25.57,-25.649,Easy
38BE6,38,Native,-25.727999999999998,-25.649,Easy
38AE6,38,Foreign,-19.695,-20.496499999999997,Easy
38BD7,38,Native,-21.298,-20.496499999999997,Easy
38AD7,38,Foreign,-15.031,-15.567,Difficult
38BE4,38,Native,-16.103,-15.567,Difficult
38AD11,38,Foreign,-13.883000000000001,-14.824000000000002,Difficult
38BE3,38,Native,-15.765,-14.824000000000002,Difficult
38AE1,38,Foreign,-9.133000000000001,-8.899000000000001,Difficult
38BD8,38,Native,-8.665000000000001,-8.899000000000001,Difficult
38AD12,38,Foreign,-3.7239999999999993,-3.7725,Difficult
38BD10,38,Native,-3.821000000000001,-3.7725,Difficult
39AE2,39,Foreign,-29.523,-29.945,Easy
39BE3,39,Native,-30.367,-29.945,Easy
39AE1,39,Foreign,-26.217000000000002,-27.155500000000004,Easy
39BE5,39,Native,-28.094,-27.155500000000004,Easy
39AE4,39,Foreign,-23.015,-23.1565,Easy
39BE2,39,Native,-23.298,-23.1565,Easy
39AE5,39,Foreign,-21.835,-22.347,Easy
39BE4,39,Native,-22.858999999999998,-22.347,Easy
39AD7,39,Foreign,-19.072,-19.6095,Difficult
39BD10,39,Native,-20.147000000000002,-19.6095,Difficult
39AD10,39,Foreign,-11.67,-10.8585,Difficult
39BD12,39,Native,-10.047,-10.8585,Difficult
39AD11,39,Foreign,-8.688,-8.821000000000002,Difficult
39BD9,39,Native,-8.954,-8.821000000000002,Difficult
39AD12,39,Foreign,-7.539,-7.6835,Difficult
39BD7,39,Native,-7.828000000000001,-7.6835,Difficult
40AE3,40,Foreign,-25.743000000000002,-26.6015,Easy
40BE5,40,Native,-27.46,-26.6015,Easy
40AD12,40,Foreign,-24.273,-24.954,Easy
40BE1,40,Native,-25.635,-24.954,Easy
40AE5,40,Foreign,-20.743000000000002,-20.706000000000003,Easy
40BE3,40,Native,-20.669,-20.706000000000003,Easy
40AE4,40,Foreign,-16.422,-15.6095,Easy
40BD7,40,Native,-14.796999999999999,-15.6095,Easy
40AE2,40,Foreign,-9.655,-10.421,Difficult
40BE4,40,Native,-11.187,-10.421,Difficult
40AE6,40,Foreign,-7.765000000000001,-6.375,Difficult
40BD8,40,Native,-4.984999999999999,-6.375,Difficult
40AD7,40,Foreign,1.6159999999999997,0.8669999999999993,Difficult
40BD9,40,Native,0.11799999999999891,0.8669999999999993,Difficult
40AD11,40,Foreign,5.522,5.7225,Difficult
40BD10,40,Native,5.923,5.7225,Difficult
41AD7,41,Foreign,-40.429,-39.7645,Easy
41BE6,41,Native,-39.1,-39.7645,Easy
41AE2,41,Foreign,-26.952,-28.1045,Easy
41BD10,41,Native,-29.257,-28.1045,Easy
41AD11,41,Foreign,-19.571,-20.738,Easy
41BD12,41,Native,-21.904999999999998,-20.738,Easy
41AE3,41,Foreign,-18.929,-17.57,Easy
41BE4,41,Native,-16.211000000000002,-17.57,Easy
41AD10,41,Foreign,-14.766,-12.617,Difficult
41BE2,41,Native,-10.468,-12.617,Difficult
41AE5,41,Foreign,-15.978,-11.2035,Difficult
41BE3,41,Native,-6.428999999999999,-11.2035,Difficult
41AE6,41,Foreign,-10.469,-10.738999999999999,Difficult
41BD8,41,Native,-11.008999999999999,-10.738999999999999,Difficult
41AD8,41,Foreign,0.695999999999999,0.26599999999999974,Difficult
41BD7,41,Native,-0.1639999999999995,0.26599999999999974,Difficult
43AE3,43,Foreign,-16.194,-16.171,Easy
43BE6,43,Native,-16.148,-16.171,Easy
43AE6,43,Foreign,-13.154,-12.6985,Easy
43BE2,43,Native,-12.242999999999999,-12.6985,Easy
43AE1,43,Foreign,-8.248999999999999,-7.746499999999999,Easy
43BD8,43,Native,-7.244,-7.746499999999999,Easy
43AE4,43,Foreign,-4.9910000000000005,-5.077,Easy
43BD10,43,Native,-5.162999999999999,-5.077,Easy
43AD12,43,Foreign,-1.3669999999999998,-0.12100000000000011,Difficult
43BD12,43,Native,1.1249999999999996,-0.12100000000000011,Difficult
43AD11,43,Foreign,2.149000000000001,3.2540000000000004,Difficult
43BD7,43,Native,4.359,3.2540000000000004,Difficult
43AD7,43,Foreign,5.125,6.234500000000001,Difficult
43BE1,43,Native,7.344,6.234500000000001,Difficult
43AD9,43,Foreign,15.665,14.299999999999999,Difficult
43BD11,43,Native,12.934999999999999,14.299999999999999,Difficult
44AE6,44,Foreign,-21.516,-21.203000000000003,Easy
44BE5,44,Native,-20.890000000000004,-21.203000000000003,Easy
44AE2,44,Foreign,-19.829,-19.9075,Easy
44BD11,44,Native,-19.986,-19.9075,Easy
44AD8,44,Foreign,-19.663,-18.866999999999997,Easy
44BE3,44,Native,-18.070999999999998,-18.866999999999997,Easy
44AD7,44,Foreign,-14.783,-14.7935,Easy
44BD12,44,Native,-14.804,-14.7935,Easy
44AD10,44,Foreign,-11.446,-13.590499999999999,Difficult
44BE2,44,Native,-15.735,-13.590499999999999,Difficult
44AD9,44,Foreign,-12.811000000000002,-12.948500000000001,Difficult
44BE1,44,Native,-13.086,-12.948500000000001,Difficult
44AE5,44,Foreign,-6.015999999999999,-5.5634999999999994,Difficult
44BD8,44,Native,-5.111,-5.5634999999999994,Difficult
44AE3,44,Foreign,-2.228000000000001,-0.07950000000000013,Difficult
44BD7,44,Native,2.069000000000001,-0.07950000000000013,Difficult
45AE1,45,Foreign,-14.313,-15.535499999999999,Easy
45BD7,45,Native,-16.758,-15.535499999999999,Easy
45AD11,45,Foreign,-14.71,-15.104000000000001,Easy
45BD12,45,Native,-15.498000000000001,-15.104000000000001,Easy
45AD10,45,Foreign,-12.102,-11.426,Easy
45BD9,45,Native,-10.75,-11.426,Easy
45AD9,45,Foreign,-10.163,-10.2575,Easy
45BE5,45,Native,-10.352,-10.2575,Easy
45AE3,45,Foreign,-7.3279999999999985,-7.9955,Difficult
45BD10,45,Native,-8.663,-7.9955,Difficult
45AD12,45,Foreign,-6.351,-6.6594999999999995,Difficult
45BE4,45,Native,-6.968,-6.6594999999999995,Difficult
45AE2,45,Foreign,-3.18,-5.835500000000001,Difficult
45BE2,45,Native,-8.491000000000001,-5.835500000000001,Difficult
45AE4,45,Foreign,-5.4609999999999985,-5.6715,Difficult
45BD11,45,Native,-5.882000000000001,-5.6715,Difficult
46AD9,46,Foreign,-32.303,-33.3315,Easy
46BE3,46,Native,-34.36,-33.3315,Easy
46AE1,46,Foreign,-21.906,-22.9525,Easy
46BE1,46,Native,-23.999,-22.9525,Easy
46AE2,46,Foreign,-18.47,-18.8515,Easy
46BD11,46,Native,-19.233,-18.8515,Easy
46AE5,46,Foreign,-17.930999999999997,-17.5285,Easy
46BE5,46,Native,-17.126,-17.5285,Easy
46AD11,46,Foreign,-14.217,-14.085,Difficult
46BE6,46,Native,-13.953000000000001,-14.085,Difficult
46AD7,46,Foreign,-11.243,-10.946,Difficult
46BD8,46,Native,-10.649,-10.946,Difficult
46AE4,46,Foreign,-8.266,-8.907,Difficult
46BE2,46,Native,-9.548,-8.907,Difficult
46AE6,46,Foreign,8.211,6.281000000000001,Difficult
46BD12,46,Native,4.351,6.281000000000001,Difficult
47AE1,47,Foreign,-37.296,-37.293,Easy
47BE1,47,Native,-37.29,-37.293,Easy
47AD12,47,Foreign,-22.063000000000002,-22.113500000000002,Easy
47BD7,47,Native,-22.163999999999998,-22.113500000000002,Easy
47AD7,47,Foreign,-21.366,-20.5975,Easy
47BE3,47,Native,-19.829,-20.5975,Easy
47AE5,47,Foreign,-12.616,-12.9375,Easy
47BE2,47,Native,-13.259,-12.9375,Easy
47AE4,47,Foreign,-10.969,-12.418499999999998,Difficult
47BD11,47,Native,-13.867999999999999,-12.418499999999998,Difficult
47AD10,47,Foreign,-7.359999999999998,-6.711499999999999,Difficult
47BD10,47,Native,-6.063,-6.711499999999999,Difficult
47AE6,47,Foreign,0.016999999999999765,0.6219999999999997,Difficult
47BD9,47,Native,1.2269999999999996,0.6219999999999997,Difficult
47AD8,47,Foreign,5.693999999999999,4.632,Difficult
47BD12,47,Native,3.57,4.632,Difficult
48AE4,48,Foreign,-30.773999999999997,-30.747,Easy
48BD10,48,Native,-30.72,-30.747,Easy
48AE3,48,Foreign,-24.149,-24.469,Easy
48BE1,48,Native,-24.788999999999998,-24.469,Easy
48AD9,48,Foreign,-22.904,-24.311,Easy
48BE5,48,Native,-25.718,-24.311,Easy
48AD7,48,Foreign,-14.672,-16.176000000000002,Easy
48BD7,48,Native,-17.68,-16.176000000000002,Easy
48AE2,48,Foreign,-14.367999999999999,-14.645,Difficult
48BD12,48,Native,-14.922,-14.645,Difficult
48AE6,48,Foreign,-8.5,-8.7975,Difficult
48BD8,48,Native,-9.095,-8.7975,Difficult
48AD10,48,Foreign,1.2879999999999991,0.6279999999999997,Difficult
48BE2,48,Native,-0.0319999999999998,0.6279999999999997,Difficult
48AE5,48,Foreign,1.6249999999999991,1.7190000000000003,Difficult
48BE6,48,Native,1.8130000000000013,1.7190000000000003,Difficult
49AE2,49,Foreign,-26.672,-26.055,Easy
49BE3,49,Native,-25.438,-26.055,Easy
49AE3,49,Foreign,-22.748,-21.0375,Easy
49BE5,49,Native,-19.327,-21.0375,Easy
49AE1,49,Foreign,-11.033,-12.212,Easy
49BE6,49,Native,-13.391,-12.212,Easy
49AE4,49,Foreign,-8.132,-8.913,Easy
49BD10,49,Native,-9.693999999999999,-8.913,Easy
49AD8,49,Foreign,1.5779999999999992,0.972499999999999,Difficult
49BD8,49,Native,0.3669999999999989,0.972499999999999,Difficult
49AE5,49,Foreign,2.0869999999999997,2.309,Difficult
49BD9,49,Native,2.531000000000001,2.309,Difficult
49AD7,49,Foreign,4.530999999999999,5.559499999999999,Difficult
49BD7,49,Native,6.587999999999999,5.559499999999999,Difficult
49AD11,49,Foreign,9.375000000000002,8.356000000000002,Difficult
49BD12,49,Native,7.337,8.356000000000002,Difficult
